title,company,location,province,country,remote_type,source,category,job_category,skills_detected,match_score,is_coop,is_fall_2026,detected_season,detected_year,posted_date,date_found,job_url
Software Developer Full Stack / Backend I (Co-op) - Canada,Cisco,"Canada, Ontario, Toronto",Ontario,Canada,On-site/Hybrid,Adzuna,Engineering Jobs,Software Engineering,"ai, software developer, backend, full stack",65,1,0,,,2026-10-03T03:53:48Z,2026-10-04 16:03:51,https://www.adzuna.ca/details/5909664729?utm_medium=api&utm_source=c9176011
Marketing Automation Intern (Fall 2026),GeoComply Job on T-Net,"Canada, British Columbia, Greater Vancouver, Vancouver",British Columbia,Canada,On-site/Hybrid,Adzuna,"PR, Advertising & Marketing Jobs",AI / Machine Learning,"ai, automation",65,1,1,Fall,2026,2026-07-17T15:06:03Z,2026-10-04 16:03:48,https://www.adzuna.ca/details/5805127941?utm_medium=api&utm_source=c9176011
Financial Automation Intern (Fall 2026),GeoComply Job on T-Net,"Canada, British Columbia, Greater Vancouver, Vancouver",British Columbia,Canada,On-site/Hybrid,Adzuna,Accounting & Finance Jobs,Automation / QA,"ai, automation",65,1,1,Fall,2026,2026-07-17T15:06:09Z,2026-10-04 16:03:48,https://www.adzuna.ca/details/5805127947?utm_medium=api&utm_source=c9176011
AI Research Intern,Karbon Digital,"Canada, Ontario, Toronto, East York",Ontario,Canada,On-site/Hybrid,Adzuna,IT Jobs,AI / Machine Learning,"ai, machine learning, deep learning, nlp",65,1,0,,,2026-09-28T23:08:11Z,2026-10-04 16:03:43,https://www.adzuna.ca/details/5902430296?utm_medium=api&utm_source=c9176011
Applied Research Intern (NLP/ML/GenAI),Thomson Reuters,"Canada, Ontario, Toronto",Ontario,Canada,On-site/Hybrid,Adzuna,IT Jobs,AI / Machine Learning,"ai, machine learning, ml, nlp",65,1,0,,,2026-08-19T04:23:28Z,2026-10-04 16:03:40,https://www.adzuna.ca/details/5847949009?utm_medium=api&utm_source=c9176011
"Software Engineer Intern, Machine Learning (Summer 2027)",Lyft,"Canada, Ontario, Toronto",Ontario,Canada,On-site/Hybrid,Adzuna,IT Jobs,AI / Machine Learning,"ai, machine learning, ml, software engineer",65,1,0,,,2026-09-13T03:14:26Z,2026-10-04 16:03:37,https://www.adzuna.ca/details/5882329884?utm_medium=api&utm_source=c9176011
Co-op Researcher – Computer Vision and Machine Learning,"Huawei Technologies Canada Co., Ltd.","Canada, Ontario, York region, Unionville",Ontario,Canada,On-site/Hybrid,Adzuna,IT Jobs,AI / Machine Learning,"artificial intelligence, ai, machine learning",60,1,0,,,2026-09-25T22:14:15Z,2026-10-04 16:03:52,https://www.adzuna.ca/details/5899064361?utm_medium=api&utm_source=c9176011
2027 Winter Co-op Infotainment Software Developer,General Motors,"Canada, Ontario, York region, Markham",Ontario,Canada,On-site/Hybrid,Adzuna,IT Jobs,AI / Machine Learning,"artificial intelligence, ai, software developer",60,1,0,,,2026-09-29T05:18:28Z,2026-10-04 16:03:51,https://www.adzuna.ca/details/5902659606?utm_medium=api&utm_source=c9176011
2027 Winter Co-op Infotainment Software Developer,General Motors,"Canada, Ontario, York region, Markham",Ontario,Canada,On-site/Hybrid,Adzuna,IT Jobs,AI / Machine Learning,"artificial intelligence, ai, software developer",60,1,0,,,2026-10-01T03:15:43Z,2026-10-04 16:03:51,https://www.adzuna.ca/details/5905071064?utm_medium=api&utm_source=c9176011
2027 Winter Co-op Data Engineering Software Developer,General Motors,"Canada, Ontario, York region, Markham",Ontario,Canada,On-site/Hybrid,Adzuna,Engineering Jobs,AI / Machine Learning,"artificial intelligence, ai, software developer",60,1,0,,,2026-09-01T04:44:42Z,2026-10-04 16:03:51,https://www.adzuna.ca/details/5864137193?utm_medium=api&utm_source=c9176011
2027 Winter Co-op Data Engineering Software Developer,General Motors,"Canada, Ontario, Durham region, Oshawa",Ontario,Canada,On-site/Hybrid,Adzuna,Engineering Jobs,AI / Machine Learning,"artificial intelligence, ai, software developer",60,1,0,,,2026-09-02T03:08:15Z,2026-10-04 16:03:51,https://www.adzuna.ca/details/5866654630?utm_medium=api&utm_source=c9176011
2027 Winter Co-op Data Engineering Software Developer,General Motors,"Canada, Ontario, York region, Markham",Ontario,Canada,On-site/Hybrid,Adzuna,Engineering Jobs,AI / Machine Learning,"artificial intelligence, ai, software developer",60,1,0,,,2026-09-02T03:08:14Z,2026-10-04 16:03:51,https://www.adzuna.ca/details/5866654614?utm_medium=api&utm_source=c9176011
Supply Chain Automation Intern,Rexroth,"Canada, Ontario, Niagara, Welland",Ontario,Canada,On-site/Hybrid,Adzuna,"PR, Advertising & Marketing Jobs",AI / Machine Learning,"ai, ml, automation",60,1,0,,,2026-09-08T22:40:54Z,2026-10-04 16:03:48,https://www.adzuna.ca/details/5876535320?utm_medium=api&utm_source=c9176011
Summer Intern 2027 - AI,Manulife,"Canada, Ontario, Toronto",Ontario,Canada,On-site/Hybrid,Adzuna,IT Jobs,AI / Machine Learning,"ai, machine learning, data science",60,1,0,,,2026-09-03T03:34:12Z,2026-10-04 16:03:43,https://www.adzuna.ca/details/5868486358?utm_medium=api&utm_source=c9176011
AI & Automation Data Scientist Intern / Stagiaire Data Scientist en IA et Automatisation,IBM,"Canada, Ontario, Toronto",Ontario,Canada,On-site/Hybrid,Adzuna,IT Jobs,AI / Machine Learning,"ai, cloud, automation",60,1,0,,,2026-08-30T03:05:59Z,2026-10-04 16:03:40,https://www.adzuna.ca/details/5861985465?utm_medium=api&utm_source=c9176011
Machine Learning Developer Intern / Stagiaire dveloppeur en apprentissage automatique,IBM,"Canada, Ontario, Toronto",Ontario,Canada,On-site/Hybrid,Adzuna,IT Jobs,AI / Machine Learning,"ai, machine learning, cloud",60,1,0,,,2026-08-30T03:05:59Z,2026-10-04 16:03:38,https://www.adzuna.ca/details/5861985466?utm_medium=api&utm_source=c9176011
"Software Engineer Intern, Backend (Summer 2027)",Lyft,"Canada, Ontario, Toronto",Ontario,Canada,On-site/Hybrid,Adzuna,IT Jobs,Software Engineering,"ai, software engineer, backend",60,1,0,,,2026-09-13T04:26:58Z,2026-10-04 16:03:37,https://www.adzuna.ca/details/5882405028?utm_medium=api&utm_source=c9176011
"ML Systems Software Development Engineer Intern, Annapurna Labs - 2027",Amazon Development Centre Canada ULC - K03,"Canada, Ontario, Toronto",Ontario,Canada,On-site/Hybrid,Adzuna,IT Jobs,AI / Machine Learning,"machine learning, ml, cloud",60,1,0,,,2026-09-12T03:42:19Z,2026-10-04 16:03:37,https://www.adzuna.ca/details/5880729455?utm_medium=api&utm_source=c9176011
"ML Systems Software Development Engineer Intern, Annapurna Labs - 2027",Amazon,"Canada, Ontario, Toronto",Ontario,Canada,On-site/Hybrid,Adzuna,IT Jobs,AI / Machine Learning,"machine learning, ml, cloud",60,1,0,,,2026-09-15T03:42:23Z,2026-10-04 16:03:37,https://www.adzuna.ca/details/5884412078?utm_medium=api&utm_source=c9176011
Winter 2027 Co-op - Software Developer - CMS 330 Product Team,Lockheed Martin,"Canada, Ontario, Ottawa region, Ottawa",Ontario,Canada,On-site/Hybrid,Adzuna,IT Jobs,Software Engineering,"ai, software developer",55,1,0,,,2026-09-13T03:46:37Z,2026-10-04 16:03:51,https://www.adzuna.ca/details/5882345521?utm_medium=api&utm_source=c9176011
Software Developer - Co-op - Winter 2027,Jatom Systems Inc.-CAN,"Canada, Ontario, Ottawa region, Kanata",Ontario,Canada,On-site/Hybrid,Adzuna,IT Jobs,Software Engineering,"ai, software developer",55,1,0,,,2026-09-23T07:13:52Z,2026-10-04 16:03:51,https://www.adzuna.ca/details/5895133411?utm_medium=api&utm_source=c9176011
IT Network Software/AI Development - Co-op/Intern,Nokia Global,Canada,Ontario,Canada,On-site/Hybrid,Adzuna,IT Jobs,Automation / QA,"ai, automation",55,1,0,,,2026-10-02T04:47:37Z,2026-10-04 16:03:51,https://www.adzuna.ca/details/5907699586?utm_medium=api&utm_source=c9176011
Supply Chain Automation Intern,Rexroth,"Canada, Ontario, Niagara, Welland",Ontario,Canada,On-site/Hybrid,Adzuna,IT Jobs,Automation / QA,"ai, automation",55,1,0,,,2026-09-09T06:56:07Z,2026-10-04 16:03:48,https://www.adzuna.ca/details/5877007330?utm_medium=api&utm_source=c9176011
Factory Automation Engineering Intern - New Grad Opportunity,Rexroth,"Canada, Ontario, Halton, Burlington",Ontario,Canada,On-site/Hybrid,Adzuna,Engineering Jobs,Automation / QA,"ai, automation",55,1,0,,,2026-10-02T08:17:40Z,2026-10-04 16:03:48,https://www.adzuna.ca/details/5908013597?utm_medium=api&utm_source=c9176011
ML Engineering Intern - Infrastructure (Spring 2027),Peripheral,"Canada, Ontario, Toronto",Ontario,Canada,On-site/Hybrid,Adzuna,Engineering Jobs,AI / Machine Learning,"ai, ml",55,1,0,,,2026-09-18T04:54:00Z,2026-10-04 16:03:47,https://www.adzuna.ca/details/5888956739?utm_medium=api&utm_source=c9176011
AI & Robotics Intern,Trench Group,"Canada, Ontario, York region, Markham",Ontario,Canada,On-site/Hybrid,Adzuna,Engineering Jobs,AI / Machine Learning,"ai, ml",55,1,0,,,2026-09-14T04:49:13Z,2026-10-04 16:03:43,https://www.adzuna.ca/details/5883428503?utm_medium=api&utm_source=c9176011
AI & ML Intern – Applied Sciences,Trench Group,"Canada, Ontario, York region, Markham",Ontario,Canada,On-site/Hybrid,Adzuna,Engineering Jobs,AI / Machine Learning,"ai, ml",55,1,0,,,2026-09-14T04:40:31Z,2026-10-04 16:03:43,https://www.adzuna.ca/details/5883422832?utm_medium=api&utm_source=c9176011
AI & ML Developer Intern,Trench Group,"Canada, Ontario, York region, Markham",Ontario,Canada,On-site/Hybrid,Adzuna,IT Jobs,AI / Machine Learning,"ai, ml",55,1,0,,,2026-09-14T04:47:18Z,2026-10-04 16:03:43,https://www.adzuna.ca/details/5883427073?utm_medium=api&utm_source=c9176011
AI & ML Intern - Electrical Engineer (Winter 2027),Trench Group,"Canada, Ontario, York region, Markham",Ontario,Canada,On-site/Hybrid,Adzuna,Engineering Jobs,AI / Machine Learning,"ai, ml",55,1,0,,,2026-09-17T04:54:00Z,2026-10-04 16:03:43,https://www.adzuna.ca/details/5887373137?utm_medium=api&utm_source=c9176011
AI/ML Engineer Intern (2027),Georgian Partners Growth,"Canada, Ontario, Toronto",Ontario,Canada,On-site/Hybrid,Adzuna,IT Jobs,AI / Machine Learning,"ai, ml",55,1,0,,,2026-07-16T17:49:01Z,2026-10-04 16:03:43,https://www.adzuna.ca/details/5803801814?utm_medium=api&utm_source=c9176011
"Intern, AI Data Developer (Winter)",Autodesk,"Canada, Ontario, Toronto",Ontario,Canada,On-site/Hybrid,Adzuna,Engineering Jobs,AI / Machine Learning,"ai, ml",55,1,0,,,2026-10-03T03:53:40Z,2026-10-04 16:03:43,https://www.adzuna.ca/details/5909664278?utm_medium=api&utm_source=c9176011
Intern Researcher - Embodied AI,"Huawei Technologies Canada Co., Ltd.","Canada, Ontario, York region, Unionville",Ontario,Canada,On-site/Hybrid,Adzuna,Scientific & QA Jobs,AI / Machine Learning,"artificial intelligence, ai",55,1,0,,,2026-09-14T22:09:10Z,2026-10-04 16:03:43,https://www.adzuna.ca/details/5884170474?utm_medium=api&utm_source=c9176011
"Co-Op, Development Operations AI & Automation Enablement Intern",Alexion,"Canada, Ontario, Peel region, Mississauga",Ontario,Canada,On-site/Hybrid,Adzuna,IT Jobs,AI / Machine Learning,"ai, automation",55,1,0,,,2026-10-01T04:49:33Z,2026-10-04 16:03:43,https://www.adzuna.ca/details/5905229291?utm_medium=api&utm_source=c9176011
"Data Science Intern, Algorithms (Summer 2027)",Lyft,"Canada, Ontario, Toronto",Ontario,Canada,On-site/Hybrid,Adzuna,IT Jobs,Data Science,"ai, data science",55,1,0,,,2026-09-13T03:14:26Z,2026-10-04 16:03:40,https://www.adzuna.ca/details/5882329890?utm_medium=api&utm_source=c9176011
Data Science Co-op/Intern,Nokia Global,Canada,Ontario,Canada,On-site/Hybrid,Adzuna,IT Jobs,Data Science,"data science, software engineer",55,1,0,,,2026-09-13T04:51:38Z,2026-10-04 16:03:40,https://www.adzuna.ca/details/5882417161?utm_medium=api&utm_source=c9176011
Software Engineering Intern - Waterloo University,Brave,Canada,Ontario,Canada,Remote,Adzuna,IT Jobs,AI / Machine Learning,"ai, software engineer",55,1,0,,,2026-09-06T04:35:08Z,2026-10-04 16:03:37,https://www.adzuna.ca/details/5872889097?utm_medium=api&utm_source=c9176011
Software Engineer Intern (Winter 2027),Zip,"Canada, Ontario, Toronto",Ontario,Canada,On-site/Hybrid,Adzuna,Engineering Jobs,AI / Machine Learning,"ai, software engineer",55,1,0,,,2026-08-27T04:26:19Z,2026-10-04 16:03:37,https://www.adzuna.ca/details/5858044291?utm_medium=api&utm_source=c9176011
Software Engineering Intern (Winter 2027),Harvey,"Canada, Ontario, Toronto",Ontario,Canada,On-site/Hybrid,Adzuna,IT Jobs,Software Engineering,"ai, software engineer",55,1,0,,,2026-10-04T04:37:16Z,2026-10-04 16:03:37,https://www.adzuna.ca/details/5911275242?utm_medium=api&utm_source=c9176011
Software Engineer Intern/Co-op (Winter 2027),TD Bank,"Canada, Ontario, Peel region, Mississauga",Ontario,Canada,On-site/Hybrid,Adzuna,IT Jobs,Software Engineering,"ai, software engineer",55,1,0,,,2026-09-10T04:06:49Z,2026-10-04 16:03:37,https://www.adzuna.ca/details/5878129598?utm_medium=api&utm_source=c9176011
Software Engineer Intern/Co-op (Winter 2027),TD Bank,"Canada, Ontario, Toronto",Ontario,Canada,On-site/Hybrid,Adzuna,IT Jobs,Software Engineering,"ai, software engineer",55,1,0,,,2026-09-10T04:06:48Z,2026-10-04 16:03:37,https://www.adzuna.ca/details/5878129570?utm_medium=api&utm_source=c9176011
"Software Engineer Intern, Fullstack (Summer 2027 - Toronto)",Lyft,"Canada, Ontario, Toronto",Ontario,Canada,On-site/Hybrid,Adzuna,IT Jobs,Software Engineering,"ai, software engineer",55,1,0,,,2026-09-13T04:24:52Z,2026-10-04 16:03:37,https://www.adzuna.ca/details/5882404357?utm_medium=api&utm_source=c9176011
Mobile Software Engineer Intern/Co-op (Winter 2027),TD Bank,"Canada, Ontario, Toronto",Ontario,Canada,On-site/Hybrid,Adzuna,IT Jobs,Software Engineering,"ai, software engineer",55,1,0,,,2026-09-10T04:06:49Z,2026-10-04 16:03:37,https://www.adzuna.ca/details/5878129588?utm_medium=api&utm_source=c9176011
Software Engineer Co-op / Intern (Winter 2027),TD Bank,"Canada, Ontario, Middlesex, London",Ontario,Canada,On-site/Hybrid,Adzuna,IT Jobs,Software Engineering,"ai, software engineer",55,1,0,,,2026-09-10T04:06:47Z,2026-10-04 16:03:37,https://www.adzuna.ca/details/5878129529?utm_medium=api&utm_source=c9176011
Summer Intern 2027 - Software Engineering,Manulife,"Canada, Ontario, Waterloo region",Ontario,Canada,On-site/Hybrid,Adzuna,IT Jobs,Software Engineering,"ai, software engineer",55,1,0,,,2026-09-03T03:34:12Z,2026-10-04 16:03:37,https://www.adzuna.ca/details/5868486364?utm_medium=api&utm_source=c9176011
Summer Intern 2027 - Software Engineering,Manulife,"Canada, Ontario, Toronto",Ontario,Canada,On-site/Hybrid,Adzuna,IT Jobs,Software Engineering,"ai, software engineer",55,1,0,,,2026-09-03T03:34:12Z,2026-10-04 16:03:37,https://www.adzuna.ca/details/5868486398?utm_medium=api&utm_source=c9176011
Summer Intern 2027 - Software Engineering (12 Months),Manulife,"Canada, Ontario, Waterloo region",Ontario,Canada,On-site/Hybrid,Adzuna,IT Jobs,Software Engineering,"ai, software engineer",55,1,0,,,2026-09-19T03:11:44Z,2026-10-04 16:03:37,https://www.adzuna.ca/details/5890297195?utm_medium=api&utm_source=c9176011
"Intern, Backend Software Engineer - Team Interstellar - Winter 2027",Capital One,"Canada, Ontario, Toronto",Ontario,Canada,On-site/Hybrid,Adzuna,IT Jobs,Software Engineering,"software engineer, backend",55,1,0,,,2026-08-19T04:29:35Z,2026-10-04 16:03:37,https://www.adzuna.ca/details/5847956389?utm_medium=api&utm_source=c9176011
"Intern, Full Stack Software Engineer - Team Sprout - Winter 2027",Capital One,"Canada, Ontario, Toronto",Ontario,Canada,On-site/Hybrid,Adzuna,IT Jobs,Software Engineering,"software engineer, full stack",55,1,0,,,2026-08-19T04:43:27Z,2026-10-04 16:03:37,https://www.adzuna.ca/details/5847963247?utm_medium=api&utm_source=c9176011
"Intern, Full Stack Software Engineer - Team Pickle - Winter 2027",Capital One,"Canada, Ontario, Toronto",Ontario,Canada,On-site/Hybrid,Adzuna,IT Jobs,Software Engineering,"software engineer, full stack",55,1,0,,,2026-08-19T04:40:49Z,2026-10-04 16:03:37,https://www.adzuna.ca/details/5847962113?utm_medium=api&utm_source=c9176011
Software Developer Intern,Nuclear Promise X,"Canada, Ontario",Ontario,Canada,On-site/Hybrid,Adzuna,IT Jobs,Software Engineering,"ai, software developer",55,1,0,,,2026-09-19T04:34:41Z,2026-10-04 16:03:31,https://www.adzuna.ca/details/5890339782?utm_medium=api&utm_source=c9176011
Software Development Internship (Winter 2027),Autodesk,"Canada, Ontario, Toronto",Ontario,Canada,On-site/Hybrid,Adzuna,IT Jobs,Software Engineering,"software developer, cloud",55,1,0,,,2026-10-03T03:53:41Z,2026-10-04 16:03:31,https://www.adzuna.ca/details/5909664358?utm_medium=api&utm_source=c9176011
Software Development Internship (Summer 2027),Autodesk,"Canada, Ontario, Toronto",Ontario,Canada,On-site/Hybrid,Adzuna,IT Jobs,Software Engineering,"software developer, cloud",55,1,0,,,2026-10-03T03:53:40Z,2026-10-04 16:03:31,https://www.adzuna.ca/details/5909664302?utm_medium=api&utm_source=c9176011
"Software Developer Intern, PhD, Summer 2027",Google,"Canada, Ontario, Toronto",Ontario,Canada,On-site/Hybrid,Adzuna,IT Jobs,Software Engineering,"ai, software developer",55,1,0,,,2026-08-26T03:05:11Z,2026-10-04 16:03:31,https://www.adzuna.ca/details/5856499619?utm_medium=api&utm_source=c9176011
"Software Developer Intern, PhD, Summer 2027",Google,"Canada, Ontario, Waterloo region",Ontario,Canada,On-site/Hybrid,Adzuna,IT Jobs,Software Engineering,"ai, software developer",55,1,0,,,2026-08-26T03:05:11Z,2026-10-04 16:03:31,https://www.adzuna.ca/details/5856499617?utm_medium=api&utm_source=c9176011
"Software Developer Intern, PhD, Summer 2027",Google,"Canada, Ontario, Waterloo region",Ontario,Canada,On-site/Hybrid,Adzuna,IT Jobs,Software Engineering,"ai, software developer",55,1,0,,,2026-08-26T04:47:01Z,2026-10-04 16:03:31,https://www.adzuna.ca/details/5856595113?utm_medium=api&utm_source=c9176011
"Software Developer Intern, Backend (Summer 2027)",Robinhood,"Canada, Ontario, Toronto",Ontario,Canada,On-site/Hybrid,Adzuna,IT Jobs,Software Engineering,"software developer, backend",55,1,0,,,2026-09-16T04:49:58Z,2026-10-04 16:03:31,https://www.adzuna.ca/details/5885877209?utm_medium=api&utm_source=c9176011
Software Developer Intern 8 Months - Winter 2027,Dayforce,"Canada, Ontario, Toronto",Ontario,Canada,On-site/Hybrid,Adzuna,IT Jobs,Software Engineering,"ai, software developer",55,1,0,,,2026-09-19T04:25:12Z,2026-10-04 16:03:31,https://www.adzuna.ca/details/5890335544?utm_medium=api&utm_source=c9176011
Software Developer Intern 8 Months - Winter 2027,Dayforce,"Canada, Ontario, Toronto",Ontario,Canada,On-site/Hybrid,Adzuna,IT Jobs,Software Engineering,"ai, software developer",55,1,0,,,2026-09-20T04:42:50Z,2026-10-04 16:03:31,https://www.adzuna.ca/details/5891510953?utm_medium=api&utm_source=c9176011
"Software Developer Intern/Co-op, Backend (Winter 2027)",Robinhood,"Canada, Ontario, Toronto",Ontario,Canada,On-site/Hybrid,Adzuna,IT Jobs,Software Engineering,"software developer, backend",55,1,0,,,2026-09-16T04:40:01Z,2026-10-04 16:03:31,https://www.adzuna.ca/details/5885861786?utm_medium=api&utm_source=c9176011
"Co-Op Student - Data Engineer, AI Readiness (Medical-Legal Data)",Cmpa/Acpm,"Canada, Ontario, Ottawa region, Ottawa",Ontario,Canada,Remote,Adzuna,IT Jobs,AI / Machine Learning,ai,50,1,0,,,2026-10-04T04:43:25Z,2026-10-04 16:03:53,https://www.adzuna.ca/details/5911283969?utm_medium=api&utm_source=c9176011
Software Developer Co-op,Searidge Technologies,"Canada, Ontario, Ottawa region, Nepean",Ontario,Canada,On-site/Hybrid,Adzuna,IT Jobs,Software Engineering,software developer,50,1,0,,,2026-09-18T04:52:12Z,2026-10-04 16:03:51,https://www.adzuna.ca/details/5888954669?utm_medium=api&utm_source=c9176011
Co-op Winter 2027 - Software Developer - 8 Months,General Dynamics Mission Systems - Canada,"Canada, Ontario, Ottawa region, Nepean",Ontario,Canada,On-site/Hybrid,Adzuna,IT Jobs,Software Engineering,software developer,50,1,0,,,2026-09-05T07:38:51Z,2026-10-04 16:03:51,https://www.adzuna.ca/details/5871907210?utm_medium=api&utm_source=c9176011
Coop AI Developer,CGI,"Canada, Alberta, Calgary region, Calgary",Alberta,Canada,On-site/Hybrid,Adzuna,IT Jobs,AI / Machine Learning,"artificial intelligence, ai, machine learning, ml, software developer",50,1,0,,,2026-09-06T04:30:09Z,2026-10-04 16:03:51,https://www.adzuna.ca/details/5872886737?utm_medium=api&utm_source=c9176011
"Intern - Commercial Lending AI Engineer, Winter 2027",EQ Bank,"Canada, Ontario, Toronto",Ontario,Canada,On-site/Hybrid,Adzuna,IT Jobs,AI / Machine Learning,ai,50,1,0,,,2026-09-16T04:44:04Z,2026-10-04 16:03:51,https://www.adzuna.ca/details/5885869467?utm_medium=api&utm_source=c9176011
"Intern - Retail Lending AI Engineer, Winter 2027",EQ Bank,"Canada, Ontario, Toronto",Ontario,Canada,On-site/Hybrid,Adzuna,IT Jobs,AI / Machine Learning,ai,50,1,0,,,2026-09-16T04:51:47Z,2026-10-04 16:03:51,https://www.adzuna.ca/details/5885878817?utm_medium=api&utm_source=c9176011
Software Developer Embedded Systems I (Co-op) - Canada,Cisco,"Canada, Ontario, Ottawa region, Kanata",Ontario,Canada,On-site/Hybrid,Adzuna,Engineering Jobs,Software Engineering,software developer,50,1,0,,,2026-09-18T03:12:00Z,2026-10-04 16:03:51,https://www.adzuna.ca/details/5888846223?utm_medium=api&utm_source=c9176011
Software Developer Embedded Systems I (Co-op) - Canada,Cisco,"Canada, Ontario, Toronto",Ontario,Canada,On-site/Hybrid,Adzuna,Engineering Jobs,Software Engineering,software developer,50,1,0,,,2026-09-18T03:12:00Z,2026-10-04 16:03:51,https://www.adzuna.ca/details/5888846222?utm_medium=api&utm_source=c9176011
Software Developer Embedded Systems I (Co-op) - Canada,Cisco,"Canada, Ontario, Ottawa region, Ottawa",Ontario,Canada,On-site/Hybrid,Adzuna,Engineering Jobs,Software Engineering,software developer,50,1,0,,,2026-09-18T03:12:00Z,2026-10-04 16:03:51,https://www.adzuna.ca/details/5888846224?utm_medium=api&utm_source=c9176011
Software Developer Embedded Systems II (Co-op) - Canada,Cisco,"Canada, Ontario, Toronto",Ontario,Canada,On-site/Hybrid,Adzuna,IT Jobs,Software Engineering,software developer,50,1,0,,,2026-09-30T03:14:50Z,2026-10-04 16:03:51,https://www.adzuna.ca/details/5903595043?utm_medium=api&utm_source=c9176011
Software Developer Embedded Systems II (Co-op) - Canada,Cisco,"Canada, Ontario, Ottawa region, Ottawa",Ontario,Canada,On-site/Hybrid,Adzuna,IT Jobs,Software Engineering,software developer,50,1,0,,,2026-09-30T03:14:50Z,2026-10-04 16:03:51,https://www.adzuna.ca/details/5903595042?utm_medium=api&utm_source=c9176011
Software Developer Embedded Systems II (Co-op) - Canada,Cisco,"Canada, Ontario, Ottawa region, Kanata",Ontario,Canada,On-site/Hybrid,Adzuna,IT Jobs,Software Engineering,software developer,50,1,0,,,2026-09-30T03:14:50Z,2026-10-04 16:03:51,https://www.adzuna.ca/details/5903595044?utm_medium=api&utm_source=c9176011
Factory Automation Engineering Intern - New Grad Opportunity,Rexroth,"Canada, Ontario, Halton, Burlington",Ontario,Canada,On-site/Hybrid,Adzuna,Sales Jobs,Automation / QA,automation,50,1,0,,,2026-10-02T00:44:25Z,2026-10-04 16:03:48,https://www.adzuna.ca/details/5907315857?utm_medium=api&utm_source=c9176011
Optical Test Automation Co-op/Intern,Nokia Global,Canada,Ontario,Canada,On-site/Hybrid,Adzuna,Engineering Jobs,Automation / QA,automation,50,1,0,,,2026-09-06T04:38:23Z,2026-10-04 16:03:48,https://www.adzuna.ca/details/5872890344?utm_medium=api&utm_source=c9176011
Automation Engineer Co-op/Intern,Nokia Global,Canada,Ontario,Canada,On-site/Hybrid,Adzuna,IT Jobs,Automation / QA,automation,50,1,0,,,2026-10-04T04:43:13Z,2026-10-04 16:03:48,https://www.adzuna.ca/details/5911283785?utm_medium=api&utm_source=c9176011
Critical Environment Ops INTERN,Microsoft,"Canada, Ontario, Toronto",Ontario,Canada,On-site/Hybrid,Adzuna,IT Jobs,Cloud Engineering,cloud,50,1,0,,,2026-09-25T04:53:02Z,2026-10-04 16:03:47,https://www.adzuna.ca/details/5898065331?utm_medium=api&utm_source=c9176011
Data Center Technicians - IT INTERNSHIP,Microsoft,"Canada, Ontario",Ontario,Canada,On-site/Hybrid,Adzuna,IT Jobs,Cloud Engineering,cloud,50,1,0,,,2026-10-02T04:28:59Z,2026-10-04 16:03:47,https://www.adzuna.ca/details/5907681038?utm_medium=api&utm_source=c9176011
Data Center Technicians - IT INTERNSHIP - Neurodiversity Hiring Program,Microsoft,"Canada, Ontario, Toronto",Ontario,Canada,On-site/Hybrid,Adzuna,IT Jobs,Cloud Engineering,cloud,50,1,0,,,2026-10-03T04:38:55Z,2026-10-04 16:03:47,https://www.adzuna.ca/details/5909710781?utm_medium=api&utm_source=c9176011
Product & AI Intern 4 months - Winter 2027,Dayforce,"Canada, Ontario, Toronto",Ontario,Canada,On-site/Hybrid,Adzuna,IT Jobs,AI / Machine Learning,ai,50,1,0,,,2026-09-30T04:38:31Z,2026-10-04 16:03:43,https://www.adzuna.ca/details/5903648791?utm_medium=api&utm_source=c9176011
AI Engineer Intern,ShyftLabs,"Canada, Ontario, Toronto",Ontario,Canada,On-site/Hybrid,Adzuna,IT Jobs,AI / Machine Learning,ai,50,1,0,,,2026-07-23T17:45:27Z,2026-10-04 16:03:43,https://www.adzuna.ca/details/5812776885?utm_medium=api&utm_source=c9176011
AI Implementation Intern (Canada Summer Jobs),ABC Life Literacy Canada,"Canada, Ontario, Toronto",Ontario,Canada,Remote,Adzuna,Customer Services Jobs,AI / Machine Learning,ai,50,1,0,,,2026-04-30T16:38:06Z,2026-10-04 16:03:43,https://www.adzuna.ca/details/5714816030?utm_medium=api&utm_source=c9176011
Virtual AI Technical Writing Intern,GAO Group,"Canada, Ontario, Toronto, North York",Ontario,Canada,Remote,Adzuna,IT Jobs,AI / Machine Learning,ai,50,1,0,,,2026-10-01T13:25:58Z,2026-10-04 16:03:43,https://www.adzuna.ca/details/5906010067?utm_medium=api&utm_source=c9176011
Virtual AI Technical Writing Intern,GAO Group,"Canada, Ontario, Toronto",Ontario,Canada,Remote,Adzuna,IT Jobs,AI / Machine Learning,ai,50,1,0,,,2026-10-02T03:12:47Z,2026-10-04 16:03:43,https://www.adzuna.ca/details/5907605995?utm_medium=api&utm_source=c9176011
Consulting Internship (AI/Strategy | Healthcare),Eastwood & Cleef,"Canada, Ontario, Toronto",Ontario,Canada,On-site/Hybrid,Adzuna,IT Jobs,AI / Machine Learning,ai,50,1,0,,,2026-09-10T04:36:32Z,2026-10-04 16:03:43,https://www.adzuna.ca/details/5878176607?utm_medium=api&utm_source=c9176011
SW Developer Intern | AI Center of Excellence,IBM,"Canada, Ontario, York region, Markham",Ontario,Canada,On-site/Hybrid,Adzuna,IT Jobs,AI / Machine Learning,ai,50,1,0,,,2026-09-18T03:12:21Z,2026-10-04 16:03:43,https://www.adzuna.ca/details/5888846463?utm_medium=api&utm_source=c9176011
"Intern, AI Adoption Operations, Jan - Dec 2027",EQ Bank,"Canada, Ontario, Toronto",Ontario,Canada,On-site/Hybrid,Adzuna,IT Jobs,AI / Machine Learning,ai,50,1,0,,,2026-09-10T04:27:05Z,2026-10-04 16:03:43,https://www.adzuna.ca/details/5878167305?utm_medium=api&utm_source=c9176011
Velocity - Data Scientist Internship/Co-Op -Winter 2027,Scotiabank,"Canada, Ontario, Toronto",Ontario,Canada,On-site/Hybrid,Adzuna,IT Jobs,Data Science,ai,50,1,0,,,2026-09-11T12:24:34Z,2026-10-04 16:03:40,https://www.adzuna.ca/details/5879975317?utm_medium=api&utm_source=c9176011
"Data Analyst, Intern",Stripe,"Canada, Ontario, Toronto",Ontario,Canada,On-site/Hybrid,Adzuna,IT Jobs,Data / Analytics,data analyst,50,1,0,,,2026-10-03T04:31:56Z,2026-10-04 16:03:40,https://www.adzuna.ca/details/5909704606?utm_medium=api&utm_source=c9176011
Machine Learning Intern 2027 (Toronto),Pinterest,"Canada, Ontario, Toronto",Ontario,Canada,On-site/Hybrid,Adzuna,IT Jobs,AI / Machine Learning,machine learning,50,1,0,,,2026-10-03T04:28:57Z,2026-10-04 16:03:38,https://www.adzuna.ca/details/5909699895?utm_medium=api&utm_source=c9176011
"Machine Learning Engineering, Intern",Bree,"Canada, Ontario, Toronto",Ontario,Canada,On-site/Hybrid,Adzuna,Engineering Jobs,AI / Machine Learning,machine learning,50,1,0,,,2026-07-17T17:45:06Z,2026-10-04 16:03:38,https://www.adzuna.ca/details/5805326126?utm_medium=api&utm_source=c9176011
"Software Engineer, Intern (Summer or Winter)",Stripe,"Canada, Ontario, Toronto",Ontario,Canada,On-site/Hybrid,Adzuna,IT Jobs,Software Engineering,software engineer,50,1,0,,,2026-09-02T04:30:07Z,2026-10-04 16:03:37,https://www.adzuna.ca/details/5866734223?utm_medium=api&utm_source=c9176011
Software Engineering Intern 2027 (Toronto),Pinterest,"Canada, Ontario, Toronto",Ontario,Canada,On-site/Hybrid,Adzuna,Engineering Jobs,Software Engineering,software engineer,50,1,0,,,2026-10-03T04:49:22Z,2026-10-04 16:03:37,https://www.adzuna.ca/details/5909717926?utm_medium=api&utm_source=c9176011
"Software Engineer, Intern (Summer 2027) - TOR",DoorDash,"Canada, Ontario, Toronto",Ontario,Canada,On-site/Hybrid,Adzuna,IT Jobs,Software Engineering,software engineer,50,1,0,,,2026-09-16T04:33:17Z,2026-10-04 16:03:37,https://www.adzuna.ca/details/5885853309?utm_medium=api&utm_source=c9176011
"Intern, Mobile Software Engineer - Team Gringotts North - Winter 2027",Capital One,"Canada, Ontario, Toronto",Ontario,Canada,On-site/Hybrid,Adzuna,IT Jobs,Software Engineering,software engineer,50,1,0,,,2026-08-19T04:26:29Z,2026-10-04 16:03:37,https://www.adzuna.ca/details/5847952437?utm_medium=api&utm_source=c9176011
"Software Developer Intern, iOS (Summer 2027)",Robinhood,"Canada, Ontario, Toronto",Ontario,Canada,On-site/Hybrid,Adzuna,IT Jobs,Software Engineering,software developer,50,1,0,,,2026-09-16T04:47:25Z,2026-10-04 16:03:31,https://www.adzuna.ca/details/5885874268?utm_medium=api&utm_source=c9176011
"Software Developer Intern, Web (Summer 2027)",Robinhood,"Canada, Ontario, Toronto",Ontario,Canada,On-site/Hybrid,Adzuna,IT Jobs,Software Engineering,software developer,50,1,0,,,2026-09-16T04:42:12Z,2026-10-04 16:03:31,https://www.adzuna.ca/details/5885864267?utm_medium=api&utm_source=c9176011
"Software Development Engineer Intern, ROBOTICS - 2027",Amazon Development Centre Canada ULC - K03,"Canada, Ontario, Toronto",Ontario,Canada,On-site/Hybrid,Adzuna,IT Jobs,Other,ai,50,1,0,,,2026-09-10T04:03:12Z,2026-10-04 16:03:31,https://www.adzuna.ca/details/5878124126?utm_medium=api&utm_source=c9176011
"Software Development Engineer Intern, ROBOTICS - 2027",Amazon,"Canada, Ontario, Toronto",Ontario,Canada,On-site/Hybrid,Adzuna,IT Jobs,Other,ai,50,1,0,,,2026-09-11T03:36:47Z,2026-10-04 16:03:31,https://www.adzuna.ca/details/5879411359?utm_medium=api&utm_source=c9176011
"Software Development Engineer Intern, ROBOTICS - 2027",Amazon,"Canada, Ontario, Toronto",Ontario,Canada,On-site/Hybrid,Adzuna,IT Jobs,Other,ai,50,1,0,,,2026-09-11T04:39:15Z,2026-10-04 16:03:31,https://www.adzuna.ca/details/5879449012?utm_medium=api&utm_source=c9176011
Software Developer Full Stack / Backend I (Co-op) - Canada,Cisco,"Canada, Québec, Bas-Saint-Laurent",Québec,Canada,On-site/Hybrid,Adzuna,Engineering Jobs,Software Engineering,"ai, software developer, backend, full stack",45,1,0,,,2026-10-03T04:50:09Z,2026-10-04 16:03:51,https://www.adzuna.ca/details/5909718600?utm_medium=api&utm_source=c9176011
Software Engineering Intern,NovAtel,"Canada, Alberta, Calgary region, Calgary",Alberta,Canada,On-site/Hybrid,Adzuna,IT Jobs,Software Engineering,"software engineer, python, devops, automation",45,1,0,,,2026-09-04T23:51:15Z,2026-10-04 16:03:37,https://www.adzuna.ca/details/5871403857?utm_medium=api&utm_source=c9176011
Winter 2027 Co-op: Data Scientist (4 months),CGI,"Canada, Québec, Montréal",Québec,Canada,On-site/Hybrid,Adzuna,IT Jobs,AI / Machine Learning,"ai, ml, mlops",40,1,0,,,2026-09-17T04:28:32Z,2026-10-04 16:03:53,https://www.adzuna.ca/details/5887348726?utm_medium=api&utm_source=c9176011
2027 Winter Co-op Infotainment Software Developer,GM,Canada,,Canada,On-site/Hybrid,Adzuna,IT Jobs,AI / Machine Learning,"artificial intelligence, ai, software developer",40,1,0,,,2026-09-30T04:28:58Z,2026-10-04 16:03:51,https://www.adzuna.ca/details/5903640486?utm_medium=api&utm_source=c9176011
Software Developer (Co-op),Corpay,Canada,,Canada,On-site/Hybrid,Adzuna,IT Jobs,Software Engineering,"ai, software developer, cloud",40,1,0,,,2026-02-01T14:19:15Z,2026-10-04 16:03:51,https://www.adzuna.ca/details/5609221447?utm_medium=api&utm_source=c9176011
2027 Winter Co-op Data Engineering Software Developer,GM,Canada,,Canada,On-site/Hybrid,Adzuna,Engineering Jobs,AI / Machine Learning,"artificial intelligence, ai, software developer",40,1,0,,,2026-09-02T04:46:52Z,2026-10-04 16:03:51,https://www.adzuna.ca/details/5866751995?utm_medium=api&utm_source=c9176011
"Software Developer in Test, Intern (Genesys Cloud)",Genesys Cloud Services,Canada,,Canada,On-site/Hybrid,Adzuna,IT Jobs,AI / Machine Learning,"ai, software developer, cloud",40,1,0,,,2026-09-21T04:26:22Z,2026-10-04 16:03:47,https://www.adzuna.ca/details/5892601958?utm_medium=api&utm_source=c9176011
"Software Developer in Test, Intern (Genesys Cloud)",Genesys Cloud Services,Canada,,Canada,On-site/Hybrid,Adzuna,Scientific & QA Jobs,AI / Machine Learning,"ai, software developer, cloud",40,1,0,,,2026-09-21T04:41:04Z,2026-10-04 16:03:47,https://www.adzuna.ca/details/5892604077?utm_medium=api&utm_source=c9176011
"Intern – Artificial Intelligence, Automation and Operational Efficiency",iA Financial Group,Canada,,Canada,On-site/Hybrid,Adzuna,IT Jobs,AI / Machine Learning,"artificial intelligence, ai, automation",40,1,0,,,2026-09-18T04:36:34Z,2026-10-04 16:03:44,https://www.adzuna.ca/details/5888939856?utm_medium=api&utm_source=c9176011
AI/ML Research Intern,DRW,"Canada, Québec, Montréal",Québec,Canada,On-site/Hybrid,Adzuna,IT Jobs,AI / Machine Learning,"ai, machine learning, ml",40,1,0,,,2026-07-15T17:50:14Z,2026-10-04 16:03:43,https://www.adzuna.ca/details/5801731539?utm_medium=api&utm_source=c9176011
"Software Engineer Intern, Backend (Summer 2027)",Lyft,"Canada, Québec, Montréal",Québec,Canada,On-site/Hybrid,Adzuna,IT Jobs,Software Engineering,"ai, software engineer, backend",40,1,0,,,2026-09-13T04:41:00Z,2026-10-04 16:03:37,https://www.adzuna.ca/details/5882410964?utm_medium=api&utm_source=c9176011
"Software Developer, Intern (Genesys Cloud)",Genesys Cloud Services,Canada,,Canada,On-site/Hybrid,Adzuna,IT Jobs,AI / Machine Learning,"ai, software developer, cloud",40,1,0,,,2026-09-20T04:29:02Z,2026-10-04 16:03:31,https://www.adzuna.ca/details/5891505244?utm_medium=api&utm_source=c9176011
Software Developer Intern (Quality Assurance),Pason & IWS Career,"Canada, Alberta, Calgary region, Calgary, Parkhill",Alberta,Canada,On-site/Hybrid,Adzuna,IT Jobs,Software Engineering,"ai, software developer, automation",40,1,0,,,2026-09-23T04:36:19Z,2026-10-04 16:03:31,https://www.adzuna.ca/details/5894955599?utm_medium=api&utm_source=c9176011
Software Developer Intern (January 2027 12 months),SOTI,Canada,,Canada,On-site/Hybrid,Adzuna,IT Jobs,Software Engineering,"software developer, backend, cloud",40,1,0,,,2026-09-23T04:26:35Z,2026-10-04 16:03:31,https://www.adzuna.ca/details/5894951170?utm_medium=api&utm_source=c9176011
Winter 2027 Co-op - Software Developer (International Program Team),Lockheed Martin,"Canada, Québec, Montréal, Dorval",Québec,Canada,On-site/Hybrid,Adzuna,IT Jobs,Software Engineering,"software developer, software engineer",35,1,0,,,2026-09-13T03:14:25Z,2026-10-04 16:03:51,https://www.adzuna.ca/details/5882329877?utm_medium=api&utm_source=c9176011
Software Developer Embedded Systems I (Co-op) - Canada,Cisco,"Canada, Québec, Bas-Saint-Laurent",Québec,Canada,On-site/Hybrid,Adzuna,Engineering Jobs,Software Engineering,"ai, software developer",35,1,0,,,2026-09-18T04:53:27Z,2026-10-04 16:03:51,https://www.adzuna.ca/details/5888956231?utm_medium=api&utm_source=c9176011
Software Developer Embedded Systems II (Co-op) – Canada,Cisco,"Canada, Québec, Bas-Saint-Laurent",Québec,Canada,On-site/Hybrid,Adzuna,IT Jobs,Software Engineering,"ai, software developer",35,1,0,,,2026-09-30T04:29:41Z,2026-10-04 16:03:51,https://www.adzuna.ca/details/5903641036?utm_medium=api&utm_source=c9176011
Spécialiste en automatisation,Evident Canada,"Canada, Québec",Québec,Canada,On-site/Hybrid,Adzuna,Engineering Jobs,Automation / QA,"ai, automation",35,1,0,,,2026-09-11T13:11:34Z,2026-10-04 16:03:48,https://www.adzuna.ca/land/ad/5880004868?se=4NupLg3A8RGdRLcUnFY4TA&utm_medium=api&utm_source=c9176011&v=92017C9ABC7CB62C16403B751A2CF32B22EC9599
Spécialiste en automatisation et robotique,Wabtec,"Canada, Québec, Québec City",Québec,Canada,On-site/Hybrid,Adzuna,Engineering Jobs,Automation / QA,"ai, automation",35,1,0,,,2026-09-12T04:50:22Z,2026-10-04 16:03:48,https://www.adzuna.ca/details/5880786549?utm_medium=api&utm_source=c9176011
"Stagiaire en Développement Cloud, Intern Cloud Developer – FCAP",Autodesk,Canada,,Canada,On-site/Hybrid,Adzuna,IT Jobs,Cloud Engineering,"ai, cloud",35,1,0,,,2026-08-08T10:59:42Z,2026-10-04 16:03:47,https://www.adzuna.ca/details/5833568758?utm_medium=api&utm_source=c9176011
"SAP iXp Intern - CX Cloud Operation, Platform Developer (AIOps)",SAP,"Canada, Québec, Montréal",Québec,Canada,On-site/Hybrid,Adzuna,IT Jobs,Cloud Engineering,"ai, cloud",35,1,0,,,2026-10-03T20:56:30Z,2026-10-04 16:03:47,https://www.adzuna.ca/details/5910727737?utm_medium=api&utm_source=c9176011
Stagiaire en opérations critiques Centre de données / Critical Environment Ops INTERN Data Center,Microsoft,"Canada, Québec, Québec City",Québec,Canada,On-site/Hybrid,Adzuna,IT Jobs,Cloud Engineering,"ai, cloud",35,1,0,,,2026-10-04T04:54:41Z,2026-10-04 16:03:47,https://www.adzuna.ca/details/5911291604?utm_medium=api&utm_source=c9176011
Stagiaire - Technicien de Centre de Données (TI) / Datacenter Technician - Intern (IT),Microsoft,"Canada, Québec, Québec City",Québec,Canada,On-site/Hybrid,Adzuna,IT Jobs,Cloud Engineering,"ai, cloud",35,1,0,,,2026-10-03T04:53:36Z,2026-10-04 16:03:47,https://www.adzuna.ca/details/5909720370?utm_medium=api&utm_source=c9176011
"Stagiaire en Développement Cloud, Intern Cloud Developer",Autodesk,Canada,,Canada,On-site/Hybrid,Adzuna,IT Jobs,Cloud Engineering,"ai, cloud",35,1,0,,,2026-08-08T10:55:54Z,2026-10-04 16:03:46,https://www.adzuna.ca/details/5833565960?utm_medium=api&utm_source=c9176011
Finance Process Automation & AI Intern,Vancity,"Canada, British Columbia, Greater Vancouver, Vancouver, Mount Pleasant",British Columbia,Canada,On-site/Hybrid,Adzuna,IT Jobs,AI / Machine Learning,"ai, automation",35,1,0,,,2026-09-05T04:27:40Z,2026-10-04 16:03:43,https://www.adzuna.ca/details/5871691243?utm_medium=api&utm_source=c9176011
Intern Researcher - Physical AI,Huawei Canada,Canada,,Canada,On-site/Hybrid,Adzuna,Scientific & QA Jobs,AI / Machine Learning,"artificial intelligence, ai",35,1,0,,,2026-10-04T10:19:35Z,2026-10-04 16:03:43,https://www.adzuna.ca/land/ad/5911602113?se=lFAWKw3A8RGN96JAzfykhw&utm_medium=api&utm_source=c9176011&v=AAB33FCC7B8BAAE1C7A49CA78ADE58C9C8A50354
"Intern, AI Data Developer (Winter)",Autodesk,Canada,,Canada,On-site/Hybrid,Adzuna,Engineering Jobs,AI / Machine Learning,"ai, ml",35,1,0,,,2026-10-03T04:42:57Z,2026-10-04 16:03:43,https://www.adzuna.ca/details/5909714269?utm_medium=api&utm_source=c9176011
"Software Developer Full-Stack Intern, AI Scoring, Evaluations and Surveys",Genesys Cloud Services,Canada,,Canada,On-site/Hybrid,Adzuna,IT Jobs,AI / Machine Learning,"ai, software developer",35,1,0,,,2026-09-20T04:44:03Z,2026-10-04 16:03:43,https://www.adzuna.ca/details/5891511471?utm_medium=api&utm_source=c9176011
Data Science Intern,Pason & IWS Career,"Canada, Alberta, Calgary region, Calgary, Parkhill",Alberta,Canada,On-site/Hybrid,Adzuna,IT Jobs,AI / Machine Learning,"machine learning, data science",35,1,0,,,2026-09-23T04:56:08Z,2026-10-04 16:03:40,https://www.adzuna.ca/details/5894967269?utm_medium=api&utm_source=c9176011
Machine Learning Intern,Epic Games,"Canada, Québec, Montréal",Québec,Canada,On-site/Hybrid,Adzuna,IT Jobs,AI / Machine Learning,"ai, machine learning",35,1,0,,,2026-08-09T11:08:58Z,2026-10-04 16:03:38,https://www.adzuna.ca/details/5834742497?utm_medium=api&utm_source=c9176011
"Intern, AI Machine Learning Developer",Home Depot,Canada,,Canada,On-site/Hybrid,Adzuna,IT Jobs,AI / Machine Learning,"ai, machine learning",35,1,0,,,2026-10-03T04:50:42Z,2026-10-04 16:03:38,https://www.adzuna.ca/details/5909718943?utm_medium=api&utm_source=c9176011
Software Engineer Intern,CNH,"Canada, Saskatchewan, Regina region",Saskatchewan,Canada,On-site/Hybrid,Adzuna,Engineering Jobs,Software Engineering,"ai, software engineer",35,1,0,,,2026-09-10T06:36:44Z,2026-10-04 16:03:37,https://www.adzuna.ca/details/5878270841?utm_medium=api&utm_source=c9176011
Software Engineer - Intern,Nexthop Systems Inc,"Canada, British Columbia, Greater Vancouver, Burnaby",British Columbia,Canada,On-site/Hybrid,Adzuna,IT Jobs,AI / Machine Learning,"ai, software engineer",35,1,0,,,2026-09-16T04:26:58Z,2026-10-04 16:03:37,https://www.adzuna.ca/details/5885847437?utm_medium=api&utm_source=c9176011
"Software Engineer Intern, 2027 Canada",Atlassian,Canada,,Canada,On-site/Hybrid,Adzuna,IT Jobs,Software Engineering,"ai, software engineer",35,1,0,,,2026-09-03T23:56:06Z,2026-10-04 16:03:37,https://www.adzuna.ca/details/5869957763?utm_medium=api&utm_source=c9176011
Software Development Engineer Intern - Summer 2027 (CAN),Amazon,"Canada, British Columbia, Greater Vancouver",British Columbia,Canada,On-site/Hybrid,Adzuna,IT Jobs,AI / Machine Learning,"machine learning, cloud",35,1,0,,,2026-09-21T03:12:56Z,2026-10-04 16:03:37,https://www.adzuna.ca/details/5892547079?utm_medium=api&utm_source=c9176011
Software Development Engineer Intern - Summer 2027 (CAN),Amazon,"Canada, British Columbia, Greater Vancouver",British Columbia,Canada,On-site/Hybrid,Adzuna,IT Jobs,AI / Machine Learning,"machine learning, cloud",35,1,0,,,2026-09-20T04:35:35Z,2026-10-04 16:03:37,https://www.adzuna.ca/details/5891507701?utm_medium=api&utm_source=c9176011
Summer Intern 2027 - Software Engineering,Manulife,Canada,,Canada,On-site/Hybrid,Adzuna,IT Jobs,Software Engineering,"ai, software engineer",35,1,0,,,2026-09-02T04:28:05Z,2026-10-04 16:03:37,https://www.adzuna.ca/details/5866731475?utm_medium=api&utm_source=c9176011
Summer Intern 2027 - Software Engineering,Manulife,Canada,,Canada,On-site/Hybrid,Adzuna,IT Jobs,Software Engineering,"ai, software engineer",35,1,0,,,2026-09-02T04:44:43Z,2026-10-04 16:03:37,https://www.adzuna.ca/details/5866749046?utm_medium=api&utm_source=c9176011
Summer Intern 2027 - Software Engineering (12 Months),Manulife,Canada,,Canada,On-site/Hybrid,Adzuna,IT Jobs,Software Engineering,"ai, software engineer",35,1,0,,,2026-09-19T04:28:01Z,2026-10-04 16:03:37,https://www.adzuna.ca/details/5890336801?utm_medium=api&utm_source=c9176011
Software Developer Intern,DRW,"Canada, Québec, Montréal",Québec,Canada,On-site/Hybrid,Adzuna,IT Jobs,Software Engineering,"software developer, automation",35,1,0,,,2026-07-15T17:58:05Z,2026-10-04 16:03:31,https://www.adzuna.ca/details/5801775882?utm_medium=api&utm_source=c9176011
Software Developer Intern (Datahub),Pason & IWS Career,"Canada, Alberta, Calgary region, Calgary, Parkhill",Alberta,Canada,Remote,Adzuna,IT Jobs,Software Engineering,"ai, software developer",35,1,0,,,2026-09-23T04:34:25Z,2026-10-04 16:03:31,https://www.adzuna.ca/details/5894954831?utm_medium=api&utm_source=c9176011
"Software Developer Intern, Analytics",Genesys Cloud Services,Canada,,Canada,On-site/Hybrid,Adzuna,IT Jobs,AI / Machine Learning,"ai, software developer",35,1,0,,,2026-09-21T04:37:38Z,2026-10-04 16:03:31,https://www.adzuna.ca/details/5892603603?utm_medium=api&utm_source=c9176011
Software Development Internship (Summer 2027),Autodesk,Canada,,Canada,On-site/Hybrid,Adzuna,IT Jobs,Software Engineering,"software developer, cloud",35,1,0,,,2026-10-03T04:44:46Z,2026-10-04 16:03:31,https://www.adzuna.ca/details/5909715324?utm_medium=api&utm_source=c9176011
Software Development Internship (Winter 2027),Autodesk,Canada,,Canada,On-site/Hybrid,Adzuna,IT Jobs,Software Engineering,"software developer, cloud",35,1,0,,,2026-10-03T04:38:10Z,2026-10-04 16:03:31,https://www.adzuna.ca/details/5909710390?utm_medium=api&utm_source=c9176011
"Web Software Developer, Intern (WFM)",Genesys Cloud Services,Canada,,Canada,On-site/Hybrid,Adzuna,IT Jobs,AI / Machine Learning,"ai, software developer",35,1,0,,,2026-09-20T04:49:46Z,2026-10-04 16:03:31,https://www.adzuna.ca/details/5891515237?utm_medium=api&utm_source=c9176011
"Software Developer Intern, Predictions Data & Decision Science",Genesys Cloud Services,Canada,,Canada,On-site/Hybrid,Adzuna,IT Jobs,AI / Machine Learning,"ai, software developer",35,1,0,,,2026-09-21T04:50:05Z,2026-10-04 16:03:31,https://www.adzuna.ca/details/5892608229?utm_medium=api&utm_source=c9176011
"Software Developer Intern (Professional Services team), Winter 2027",Coveo,Canada,,Canada,On-site/Hybrid,Adzuna,IT Jobs,Software Engineering,"ai, software developer",35,1,0,,,2026-09-30T04:51:23Z,2026-10-04 16:03:31,https://www.adzuna.ca/details/5903656390?utm_medium=api&utm_source=c9176011
"Software Developer Intern (Professional Services team), Winter 2027",Coveo,"Canada, Québec",Québec,Canada,On-site/Hybrid,Adzuna,IT Jobs,Software Engineering,"ai, software developer",35,1,0,,,2026-09-30T07:15:02Z,2026-10-04 16:03:31,https://www.adzuna.ca/details/5903859692?utm_medium=api&utm_source=c9176011
"Software Developer Intern (Professional Services team), Winter 2027",Coveo,Canada,,Canada,On-site/Hybrid,Adzuna,IT Jobs,Software Engineering,"ai, software developer",35,1,0,,,2026-09-30T04:52:48Z,2026-10-04 16:03:31,https://www.adzuna.ca/details/5903656991?utm_medium=api&utm_source=c9176011
"Software Developer Intern (Professional Services team), Winter 2027",Coveo,"Canada, Québec, Montréal",Québec,Canada,On-site/Hybrid,Adzuna,IT Jobs,Software Engineering,"ai, software developer",35,1,0,,,2026-09-30T07:08:12Z,2026-10-04 16:03:31,https://www.adzuna.ca/details/5903852979?utm_medium=api&utm_source=c9176011
Stagiaire en développement de logiciels (été 2027) / Software Developer Intern (Summer 2027),Tower Research Capital,"Canada, Québec, Montréal",Québec,Canada,On-site/Hybrid,Adzuna,IT Jobs,Software Engineering,"ai, software developer",35,1,0,,,2026-09-19T04:45:13Z,2026-10-04 16:03:31,https://www.adzuna.ca/details/5890348323?utm_medium=api&utm_source=c9176011
Software Development Engineer Intern - Summer 2027 (CAN),Amazon Development Centre Canada ULC - K03,"Canada, British Columbia, Greater Vancouver, Vancouver",British Columbia,Canada,On-site/Hybrid,Adzuna,IT Jobs,AI / Machine Learning,"machine learning, cloud",35,1,0,,,2026-09-19T03:52:05Z,2026-10-04 16:03:31,https://www.adzuna.ca/details/5890308430?utm_medium=api&utm_source=c9176011
Data Scientist Co-op,Moment Energy,"Canada, British Columbia, Greater Vancouver, Surrey",British Columbia,Canada,On-site/Hybrid,Adzuna,Engineering Jobs,Data Science,ai,30,1,0,,,2026-09-26T07:08:07Z,2026-10-04 16:03:53,https://www.adzuna.ca/details/5899634361?utm_medium=api&utm_source=c9176011
"Co-op, Software Application Development",TCI Toyota Canada Company,Canada,,Canada,On-site/Hybrid,Adzuna,IT Jobs,Software Engineering,software developer,30,1,0,,,2026-09-27T05:02:04Z,2026-10-04 16:03:51,https://www.adzuna.ca/details/5900459588?utm_medium=api&utm_source=c9176011
Software Development Co-op (Later Influence),Later,"Canada, British Columbia, Greater Vancouver",British Columbia,Canada,On-site/Hybrid,Adzuna,IT Jobs,Other,ai,30,1,0,,,2026-07-24T17:46:15Z,2026-10-04 16:03:51,https://www.adzuna.ca/details/5814411898?utm_medium=api&utm_source=c9176011
Co-op Winter 2027 - Software Engineering Developer - 16-Months,General Dynamics Mission Systems - Canada,"Canada, Alberta, Calgary region, Calgary",Alberta,Canada,On-site/Hybrid,Adzuna,Engineering Jobs,Software Engineering,software engineer,30,1,0,,,2026-09-05T07:56:37Z,2026-10-04 16:03:51,https://www.adzuna.ca/details/5871935261?utm_medium=api&utm_source=c9176011
Full Stack Developer co-op,Flexspring,"Canada, Québec, Montréal",Québec,Canada,On-site/Hybrid,Adzuna,IT Jobs,Software Engineering,full stack,30,1,0,,,2026-09-03T04:42:09Z,2026-10-04 16:03:51,https://www.adzuna.ca/details/5868551665?utm_medium=api&utm_source=c9176011
Full Stack Developer co-op,Flexspring,Canada,,Canada,Remote,Adzuna,IT Jobs,Software Engineering,full stack,30,1,0,,,2026-10-02T07:11:39Z,2026-10-04 16:03:51,https://www.adzuna.ca/details/5907936434?utm_medium=api&utm_source=c9176011
Firmware Engineer (Internship) - Vancouver,Astera Labs,"Canada, British Columbia, Greater Vancouver, Vancouver",British Columbia,Canada,On-site/Hybrid,Adzuna,Engineering Jobs,AI / Machine Learning,ai,30,1,0,,,2026-06-23T16:53:07Z,2026-10-04 16:03:51,https://www.adzuna.ca/details/5773948522?utm_medium=api&utm_source=c9176011
Software Developer Embedded Systems I (Co-op) - Canada,Cisco,"Canada, Alberta, Calgary region, Calgary",Alberta,Canada,On-site/Hybrid,Adzuna,Engineering Jobs,Software Engineering,software developer,30,1,0,,,2026-09-18T03:10:25Z,2026-10-04 16:03:51,https://www.adzuna.ca/details/5888844472?utm_medium=api&utm_source=c9176011
Software Developer Embedded Systems II (Co-op) - Canada,Cisco,"Canada, British Columbia, Greater Vancouver",British Columbia,Canada,On-site/Hybrid,Adzuna,IT Jobs,Software Engineering,software developer,30,1,0,,,2026-09-30T03:13:45Z,2026-10-04 16:03:51,https://www.adzuna.ca/details/5903594444?utm_medium=api&utm_source=c9176011
Software Developer Embedded Systems II (Co-op) - Canada,Cisco,"Canada, Alberta, Calgary region, Calgary",Alberta,Canada,On-site/Hybrid,Adzuna,IT Jobs,Software Engineering,software developer,30,1,0,,,2026-09-30T03:13:16Z,2026-10-04 16:03:51,https://www.adzuna.ca/details/5903594165?utm_medium=api&utm_source=c9176011
Electrical & Automation Intern,Pason & IWS Career,"Canada, Alberta, Calgary region, Calgary, Parkhill",Alberta,Canada,On-site/Hybrid,Adzuna,Engineering Jobs,Automation / QA,automation,30,1,0,,,2026-09-23T04:27:44Z,2026-10-04 16:03:48,https://www.adzuna.ca/details/5894951679?utm_medium=api&utm_source=c9176011
Test Automation Developer - Winter 2027 Co-op/Intern,Definity,Canada,,Canada,On-site/Hybrid,Adzuna,IT Jobs,Automation / QA,automation,30,1,0,,,2026-09-12T04:25:23Z,2026-10-04 16:03:48,https://www.adzuna.ca/details/5880768014?utm_medium=api&utm_source=c9176011
GPU & AI Accelerator Hardware Design Undergraduate Intern,Intel,Canada,,Canada,On-site/Hybrid,Adzuna,Engineering Jobs,AI / Machine Learning,ai,30,1,0,,,2026-10-04T04:31:05Z,2026-10-04 16:03:48,https://www.adzuna.ca/details/5911268358?utm_medium=api&utm_source=c9176011
Student Automation Analyst,Bird Construction,Canada,,Canada,On-site/Hybrid,Adzuna,IT Jobs,Automation / QA,automation,30,1,0,,,2026-10-01T04:49:40Z,2026-10-04 16:03:48,https://www.adzuna.ca/details/5905229362?utm_medium=api&utm_source=c9176011
Cloud Platform Engineering Intern,People Inc,"Canada, Alberta, Edmonton region, Edmonton",Alberta,Canada,On-site/Hybrid,Adzuna,IT Jobs,Cloud Engineering,cloud,30,1,0,,,2026-10-01T04:45:59Z,2026-10-04 16:03:47,https://www.adzuna.ca/details/5905225062?utm_medium=api&utm_source=c9176011
SAP iXp Intern - Cloud Engineering [Vancouver],SAP,"Canada, British Columbia, Greater Vancouver",British Columbia,Canada,On-site/Hybrid,Adzuna,IT Jobs,Cloud Engineering,cloud,30,1,0,,,2026-10-02T20:56:31Z,2026-10-04 16:03:47,https://www.adzuna.ca/details/5909055098?utm_medium=api&utm_source=c9176011
"SAP iXp Intern - Java Developer, Cloud Development",SAP,"Canada, Québec, Montréal",Québec,Canada,On-site/Hybrid,Adzuna,IT Jobs,Cloud Engineering,cloud,30,1,0,,,2026-09-11T19:38:52Z,2026-10-04 16:03:47,https://www.adzuna.ca/details/5880249721?utm_medium=api&utm_source=c9176011
Winter 2027 Co-op: AI Developer Intern (4 months),CGI,"Canada, Québec, Montréal",Québec,Canada,On-site/Hybrid,Adzuna,IT Jobs,AI / Machine Learning,ai,30,1,0,,,2026-09-16T04:32:36Z,2026-10-04 16:03:43,https://www.adzuna.ca/details/5885852563?utm_medium=api&utm_source=c9176011
"Intern, AI Developer/ Stagiaire en développement IA",Autodesk,Canada,,Canada,On-site/Hybrid,Adzuna,Engineering Jobs,AI / Machine Learning,ai,30,1,0,,,2026-08-21T04:15:44Z,2026-10-04 16:03:43,https://www.adzuna.ca/details/5850746160?utm_medium=api&utm_source=c9176011
Stagiaire de recherche - Sécurité de l'IA / Research Intern - AI Safety,Mila - Institut québécois d'intelligence artificielle,"Canada, Québec, Montréal",Québec,Canada,On-site/Hybrid,Adzuna,Scientific & QA Jobs,AI / Machine Learning,ai,30,1,0,,,2026-10-02T18:39:14Z,2026-10-04 16:03:43,https://www.adzuna.ca/details/5908850030?utm_medium=api&utm_source=c9176011
Stagiaire de recherche - Sécurité de l'IA / Research Intern - AI Safety,Mila - Institut québécois d'intelligence artificielle,"Canada, Québec, Montréal",Québec,Canada,On-site/Hybrid,Adzuna,Scientific & QA Jobs,AI / Machine Learning,ai,30,1,0,,,2026-10-03T08:13:22Z,2026-10-04 16:03:43,https://www.adzuna.ca/details/5909995714?utm_medium=api&utm_source=c9176011
Actuarial Science and Data Science Intern (Winter 2027),iA Financial Group,Canada,,Canada,On-site/Hybrid,Adzuna,Accounting & Finance Jobs,Data Science,data science,30,1,0,,,2026-09-25T05:00:00Z,2026-10-04 16:03:40,https://www.adzuna.ca/details/5898074313?utm_medium=api&utm_source=c9176011
Software Developer Intern (Rigsite),Pason & IWS Career,"Canada, Alberta, Calgary region, Calgary, Parkhill",Alberta,Canada,On-site/Hybrid,Adzuna,IT Jobs,Software Engineering,software developer,30,1,0,,,2026-09-23T04:35:59Z,2026-10-04 16:03:31,https://www.adzuna.ca/details/5894955463?utm_medium=api&utm_source=c9176011
Software Developer Intern (Completions),Pason & IWS Career,"Canada, Alberta, Calgary region, Calgary, Parkhill",Alberta,Canada,On-site/Hybrid,Adzuna,Engineering Jobs,Software Engineering,software developer,30,1,0,,,2026-09-23T04:37:48Z,2026-10-04 16:03:31,https://www.adzuna.ca/details/5894956349?utm_medium=api&utm_source=c9176011
Software Developer Intern (Enterprise Applications),Pason & IWS Career,"Canada, Alberta, Calgary region, Calgary, Parkhill",Alberta,Canada,On-site/Hybrid,Adzuna,IT Jobs,Software Engineering,software developer,30,1,0,,,2026-09-23T04:50:24Z,2026-10-04 16:03:31,https://www.adzuna.ca/details/5894963390?utm_medium=api&utm_source=c9176011
